{"cameraMode":{"drawMode":2,"name":"Shaded Wireframe","section":"Shading Mode"},"sceneLighting":false,"audioPlay":false,"sceneViewState":{"showFog":true,"showMaterialUpdate":false,"showSkybox":true,"showFlares":true,"showImageEffects":true,"showParticleSystems":true},"in2DMode":false,"pivot":{"x":27.626754760742189,"y":14.847023963928223,"z":8.87643051147461},"rotation":{"x":-0.1093779057264328,"y":0.5010175108909607,"z":-0.06424899399280548,"w":-0.8560899496078491},"size":28.570842742919923,"orthographic":false}