{"cameraMode":{"drawMode":2,"name":"Shaded Wireframe","section":"Shading Mode"},"sceneLighting":false,"audioPlay":false,"sceneViewState":{"showFog":true,"showMaterialUpdate":false,"showSkybox":true,"showFlares":true,"showImageEffects":true,"showParticleSystems":true},"in2DMode":false,"pivot":{"x":48.89684295654297,"y":52.499176025390628,"z":4.323594570159912},"rotation":{"x":0.06429875642061234,"y":-0.4684990346431732,"z":0.03421640023589134,"w":0.8804564476013184},"size":58.133567810058597,"orthographic":false}