{"cameraMode":{"drawMode":2,"name":"Shaded Wireframe","section":"Shading Mode"},"sceneLighting":false,"audioPlay":false,"sceneViewState":{"showFog":true,"showMaterialUpdate":false,"showSkybox":true,"showFlares":true,"showImageEffects":true,"showParticleSystems":true},"in2DMode":false,"pivot":{"x":-4.0728020668029789,"y":-12.750648498535157,"z":-36.78571701049805},"rotation":{"x":-0.005187570583075285,"y":0.9927467107772827,"z":-0.1112344041466713,"w":-0.0453217551112175},"size":24.138031005859376,"orthographic":false}