{"cameraMode":{"drawMode":2,"name":"Shaded Wireframe","section":"Shading Mode"},"sceneLighting":false,"audioPlay":false,"sceneViewState":{"showFog":true,"showMaterialUpdate":false,"showSkybox":true,"showFlares":true,"showImageEffects":true,"showParticleSystems":true},"in2DMode":false,"pivot":{"x":8.927021980285645,"y":24.920560836791993,"z":-63.63752365112305},"rotation":{"x":-0.31934410333633425,"y":0.02837851084768772,"z":-0.009782534092664719,"w":-0.9471633434295654},"size":18.36893081665039,"orthographic":false}