{"cameraMode":{"drawMode":2,"name":"Shaded Wireframe","section":"Shading Mode"},"sceneLighting":true,"audioPlay":false,"sceneViewState":{"showFog":true,"showMaterialUpdate":false,"showSkybox":true,"showFlares":true,"showImageEffects":true,"showParticleSystems":true},"in2DMode":false,"pivot":{"x":-7.845497131347656,"y":31.762950897216798,"z":56.720497131347659},"rotation":{"x":0.02405097894370556,"y":-0.8716769814491272,"z":0.04289022833108902,"w":0.48760780692100527},"size":34.567832946777347,"orthographic":false}