{"cameraMode":{"drawMode":2,"name":"Shaded Wireframe","section":"Shading Mode"},"sceneLighting":false,"audioPlay":false,"sceneViewState":{"showFog":true,"showMaterialUpdate":false,"showSkybox":true,"showFlares":true,"showImageEffects":true,"showParticleSystems":true},"in2DMode":false,"pivot":{"x":15.247916221618653,"y":5.164772987365723,"z":-58.8390007019043},"rotation":{"x":0.20611272752285005,"y":0.3196008503437042,"z":-0.0714084655046463,"w":0.9221028685569763},"size":20.54753303527832,"orthographic":false}