{"cameraMode":{"drawMode":2,"name":"Shaded Wireframe","section":"Shading Mode"},"sceneLighting":false,"audioPlay":false,"sceneViewState":{"showFog":true,"showMaterialUpdate":false,"showSkybox":true,"showFlares":true,"showImageEffects":true,"showParticleSystems":true},"in2DMode":false,"pivot":{"x":-7.441068649291992,"y":20.5283203125,"z":29.212068557739259},"rotation":{"x":-0.0905507504940033,"y":-0.1917458325624466,"z":0.01771469973027706,"w":-0.9770979285240173},"size":11.095070838928223,"orthographic":false}