{"cameraMode":{"drawMode":2,"name":"Shaded Wireframe","section":"Shading Mode"},"sceneLighting":false,"audioPlay":false,"sceneViewState":{"showFog":true,"showMaterialUpdate":false,"showSkybox":true,"showFlares":true,"showImageEffects":true,"showParticleSystems":true},"in2DMode":false,"pivot":{"x":8.893106460571289,"y":32.584556579589847,"z":-63.56644058227539},"rotation":{"x":-0.13026079535484315,"y":0.44757336378097536,"z":-0.0663144513964653,"w":-0.8822203278541565},"size":23.98322296142578,"orthographic":false}