{"cameraMode":{"drawMode":2,"name":"Shaded Wireframe","section":"Shading Mode"},"sceneLighting":false,"audioPlay":false,"sceneViewState":{"showFog":true,"showMaterialUpdate":false,"showSkybox":true,"showFlares":true,"showImageEffects":true,"showParticleSystems":true},"in2DMode":false,"pivot":{"x":3.3013079166412355,"y":23.266143798828126,"z":19.108165740966798},"rotation":{"x":-0.11954915523529053,"y":0.5146679282188416,"z":-0.07273931801319123,"w":-0.8458924293518066},"size":17.003360748291017,"orthographic":false}