{"cameraMode":{"drawMode":2,"name":"Shaded Wireframe","section":"Shading Mode"},"sceneLighting":false,"audioPlay":false,"sceneViewState":{"showFog":true,"showMaterialUpdate":false,"showSkybox":true,"showFlares":true,"showImageEffects":true,"showParticleSystems":true},"in2DMode":false,"pivot":{"x":-0.5454379320144653,"y":28.805618286132814,"z":12.309671401977539},"rotation":{"x":-0.10018225014209748,"y":0.15898585319519044,"z":-0.016426047310233117,"w":-0.9820474982261658},"size":-175.2079620361328,"orthographic":false}