{"cameraMode":{"drawMode":2,"name":"Shaded Wireframe","section":"Shading Mode"},"sceneLighting":false,"audioPlay":false,"sceneViewState":{"showFog":true,"showMaterialUpdate":false,"showSkybox":true,"showFlares":true,"showImageEffects":true,"showParticleSystems":true},"in2DMode":false,"pivot":{"x":7.205072402954102,"y":3.0548934936523439,"z":-104.97229766845703},"rotation":{"x":-0.03874405100941658,"y":0.9548782706260681,"z":-0.25716009736061098,"w":-0.14344079792499543},"size":42.38926696777344,"orthographic":false}