{"cameraMode":{"drawMode":2,"name":"Shaded Wireframe","section":"Shading Mode"},"sceneLighting":false,"audioPlay":false,"sceneViewState":{"showFog":true,"showMaterialUpdate":false,"showSkybox":true,"showFlares":true,"showImageEffects":true,"showParticleSystems":true},"in2DMode":false,"pivot":{"x":-7.853959083557129,"y":-1.4768089056015015,"z":-110.30815124511719},"rotation":{"x":-0.15176914632320405,"y":0.45624780654907229,"z":-0.07953163981437683,"w":-0.8732004165649414},"size":109.19841766357422,"orthographic":false}