{"cameraMode":{"drawMode":2,"name":"Shaded Wireframe","section":"Shading Mode"},"sceneLighting":false,"audioPlay":false,"sceneViewState":{"showFog":true,"showMaterialUpdate":false,"showSkybox":true,"showFlares":true,"showImageEffects":true,"showParticleSystems":true},"in2DMode":false,"pivot":{"x":1.6609010696411133,"y":12.24747371673584,"z":51.620948791503909},"rotation":{"x":0.2355956733226776,"y":0.29465511441230776,"z":-0.07520563900470734,"w":0.9230478405952454},"size":73.65763854980469,"orthographic":false}