{"cameraMode":{"drawMode":2,"name":"Shaded Wireframe","section":"Shading Mode"},"sceneLighting":false,"audioPlay":false,"sceneViewState":{"showFog":true,"showMaterialUpdate":false,"showSkybox":true,"showFlares":true,"showImageEffects":true,"showParticleSystems":true},"in2DMode":false,"pivot":{"x":7.532851219177246,"y":8.942911148071289,"z":-23.793731689453126},"rotation":{"x":-0.18167532980442048,"y":-0.8077541589736939,"z":0.3173970878124237,"w":-0.4623703062534332},"size":44.91913986206055,"orthographic":false}